# Sample size, Mean, Margin
12.000000,15.565362,1.830870
