# Sample size, Mean, Margin
90.000000,10.221761,1.906252
