# Sample size, Mean, Margin
3.000000,5.568781,0.407868
