# Sample size, Mean, Margin
75.000000,6.717190,1.189629
