# Sample size, Mean, Margin
3.000000,6.659305,0.810404
