# Sample size, Mean, Margin
156.000000,4.529628,0.121611
