# Sample size, Mean, Margin
9.000000,18.559600,2.335265
