# Sample size, Mean, Margin
37.000000,4.842852,2.359412
