# Sample size, Mean, Margin
58.000000,10.030501,1.562513
