# Sample size, Mean, Margin
130.000000,1.378055,0.118320
