# Sample size, Mean, Margin
9.000000,20.638065,3.122268
