# Sample size, Mean, Margin
3.000000,29.898755,2.862790
